testbed,filename,date,tag,cpus,cache_layer_mb,context_limit,run_state,ttft_ms,total_ms,decode_ms,decode_tok_s,attn_ms,expert_compute_ms,expert_io_ms,lm_head_ms,cache_hits,cache_misses,cache_evictions,hit_rate_pct,bytes_read_mb,text_sample
Testbed A (i7-14650HX),2026-09-22-baseline.json,2026-09-22,baseline,24,32,512,engine-cold,22521.5,29857.75,7336.21,0.82,5705.95,10294.46,11787.7,2013.54,242,2958,2878,7.56,17794.22,2 + 2 equals 4.
Testbed A (i7-14650HX),2026-09-22-baseline.json,2026-09-22,baseline,24,32,512,engine-warm,21853.31,28955.26,7101.95,0.84,5456.06,9964.02,11475.62,2005.3,250,2950,2950,7.81,17746.09,2 + 2 equals 4.
Testbed A (i7-14650HX),2026-09-22-cache-128mib.json,2026-09-22,cache-128mib,24,128,512,engine-cold,13899.09,18183.87,4284.76,1.4,3012.04,8611.24,5412.87,1114.16,1951,1249,913,60.97,7513.52,2 + 2 equals 4.
Testbed A (i7-14650HX),2026-09-22-cache-128mib.json,2026-09-22,cache-128mib,24,128,512,engine-warm,13889.03,18589.36,4700.32,1.28,3040.35,8847.83,5546.9,1120.95,2060,1140,1140,64.38,6857.81,2 + 2 equals 4.
Testbed A (i7-14650HX),2026-09-22-hot-cache-reused-buffers.json,2026-09-22,hot-cache-reused-buffers,24,128,512,engine-cold,14379.31,18681.32,4301.97,1.39,3141.58,9188.51,5164.49,1151.09,2130,1070,549,66.56,6436.72,2 + 2 equals 4.
Testbed A (i7-14650HX),2026-09-22-hot-cache-reused-buffers.json,2026-09-22,hot-cache-reused-buffers,24,128,512,engine-warm,12496.88,16767.11,4270.22,1.41,3208.35,9242.46,3120.7,1160.54,2518,682,285,78.69,4102.66,2 + 2 equals 4.
Testbed A (i7-14650HX),2026-09-22-hot-cache-reused-buffers.json,2026-09-22,hot-cache-reused-buffers,24,128,512,engine-warm,12548.53,16795.31,4246.77,1.41,3266.46,9445.91,2860.38,1187.1,2553,647,174,79.78,3892.11,2 + 2 equals 4.
Testbed A (i7-14650HX),2026-09-22-mixed-workload-open-shards.json,2026-09-22,mixed-workload-open-shards,0,128,0,run_0,15445.09,19824.35,4379.23,1.37,3757.05,9955.04,4762.94,1307.48,2130,1070,549,66.56,6436.72,2 + 2 equals 4.
Testbed A (i7-14650HX),2026-09-22-mixed-workload-open-shards.json,2026-09-22,mixed-workload-open-shards,0,128,0,run_1,15843.41,21005.98,5162.55,1.36,3914.15,11416.15,4189.1,1435.95,2540,1300,392,66.15,7820.31,Here is a simple Python function that ad
Testbed A (i7-14650HX),2026-09-22-mixed-workload-open-shards.json,2026-09-22,mixed-workload-open-shards,0,128,0,run_2,31292.51,35859.83,4567.31,1.53,7208.38,20726.73,5221.18,2604.02,4760,2280,364,67.61,13715.62,Thủ đô củ
Testbed A (i7-14650HX),2026-09-22-mixed-workload-open-shards.json,2026-09-22,mixed-workload-open-shards,0,128,0,run_3,13428.55,17549.73,4120.13,1.46,3342.96,10825.9,2145.12,1194.73,2300,900,99,71.88,5414.06,2 + 2 equals 4.
Testbed A (i7-14650HX),2026-09-22-mixed-workload-open-shards.json,2026-09-22,mixed-workload-open-shards,0,128,0,run_4,15398.88,20400.51,5001.35,1.4,3987.83,11774.31,3135.17,1455.87,2490,1350,85,64.84,8121.09,Here is a simple Python function that ad
Testbed A (i7-14650HX),2026-09-22-mixed-workload-open-shards.json,2026-09-22,mixed-workload-open-shards,0,128,0,run_5,30432.04,34954.32,4511.94,1.55,7523.45,21585.04,3025.88,2726.54,5243,1797,127,74.47,10810.08,Thủ đô củ
Testbed A (i7-14650HX),2026-09-22-skip-dense-revalidation.json,2026-09-22,skip-dense-revalidation,24,32,512,engine-cold,19208.42,25160.46,5952.01,1.01,3183.56,9389.33,11369.85,1179.14,242,2958,2878,7.56,17794.22,2 + 2 equals 4.
Testbed A (i7-14650HX),2026-09-22-skip-dense-revalidation.json,2026-09-22,skip-dense-revalidation,24,32,512,engine-warm,16197.85,21804.68,5606.82,1.07,2986.72,8587.97,9041.11,1154.5,250,2950,2950,7.81,17746.09,2 + 2 equals 4.
Testbed A (i7-14650HX),2026-09-23-batched-prefill-context.json,2026-09-23,batched-prefill-context,0,0,0,run_0,27246.06,32920.82,5673.18,2.47,8512.74,14080.2,8311.2,1882.04,17424,1776,451,90.75,10683.75,Lan tested the chat interface and fixed 
Testbed A (i7-14650HX),2026-09-23-batched-prefill-context.json,2026-09-23,batched-prefill-context,0,0,0,run_1,21162.58,26022.76,4860.17,2.88,7193.25,12782.31,5632.19,300.29,17630,1570,353,91.82,9444.53,Lan tested the chat interface and fixed 
Testbed A (i7-14650HX),2026-09-23-batched-prefill-context.json,2026-09-23,batched-prefill-context,0,0,0,run_2,20734.51,25541.58,4807.06,2.91,7255.87,13008.67,4897.94,274.02,17681,1519,234,92.09,9137.73,Lan tested the chat interface and fixed 
Testbed A (i7-14650HX),2026-09-23-batched-prefill-near-context.json,2026-09-23,batched-prefill-near-context,0,0,0,run_0,69657.22,72845.38,3188.14,2.51,25711.96,41023.0,5609.89,176.83,59611,1445,351,97.63,8692.58,The access code is ORCHID.
Testbed A (i7-14650HX),2026-09-23-dense-after-context.json,2026-09-23,dense-after-context,0,0,0,run_0,43648.74,47927.12,4278.34,3.27,8925.28,14682.5,21266.14,2930.35,10903,8297,2291,56.79,49911.64,Lan tested the chat interface and fixed 
Testbed A (i7-14650HX),2026-09-23-dense-after-context.json,2026-09-23,dense-after-context,0,0,0,run_1,38443.06,42334.92,3891.85,3.6,8453.14,14311.02,16653.46,2803.43,11850,7350,502,61.72,44214.84,Lan tested the chat interface and fixed 
Testbed A (i7-14650HX),2026-09-23-dense-after-context.json,2026-09-23,dense-after-context,0,0,0,run_2,38967.17,42714.16,3746.98,3.74,8825.73,14848.13,15978.07,2939.64,11899,7301,325,61.97,43920.08,Lan tested the chat interface and fixed 
Testbed A (i7-14650HX),2026-09-23-dense-before-context.json,2026-09-23,dense-before-context,0,0,0,run_0,63865.54,70339.12,6473.55,2.16,19814.19,15306.19,28398.31,6619.83,10903,8297,2291,56.79,49911.64,Lan tested the chat interface and fixed 
Testbed A (i7-14650HX),2026-09-23-dense-before-context.json,2026-09-23,dense-before-context,0,0,0,run_1,58161.91,63905.03,5743.09,2.44,19086.43,14693.97,23330.92,6602.43,11850,7350,502,61.72,44214.84,Lan tested the chat interface and fixed 
Testbed A (i7-14650HX),2026-09-23-dense-before-context.json,2026-09-23,dense-before-context,0,0,0,run_2,51422.26,56821.58,5399.3,2.59,19382.93,14757.8,15708.93,6771.63,11899,7301,325,61.97,43920.08,Lan tested the chat interface and fixed 
Testbed A (i7-14650HX),2026-09-23-flat-kv-context-3x.json,2026-09-23,flat-kv-context-3x,0,0,0,run_0,16844.43,21454.39,4609.92,3.04,5677.43,8875.34,6481.71,186.09,17424,1776,451,90.75,10683.75,Lan tested the chat interface and fixed 
Testbed A (i7-14650HX),2026-09-23-flat-kv-context-3x.json,2026-09-23,flat-kv-context-3x,0,0,0,run_1,15959.06,20390.96,4431.86,3.16,5738.43,8276.34,5956.07,183.46,17630,1570,353,91.82,9444.53,Lan tested the chat interface and fixed 
Testbed A (i7-14650HX),2026-09-23-flat-kv-context-3x.json,2026-09-23,flat-kv-context-3x,0,0,0,run_2,14707.56,18949.07,4241.49,3.3,5270.17,7926.64,5346.61,177.76,17681,1519,234,92.09,9137.73,Lan tested the chat interface and fixed 
Testbed A (i7-14650HX),2026-09-23-flat-kv-context.json,2026-09-23,flat-kv-context,0,0,0,run_0,18385.58,23091.42,4704.02,2.98,5345.47,9066.95,8244.55,206.72,17424,1776,451,90.75,10683.75,Lan tested the chat interface and fixed 
Testbed A (i7-14650HX),2026-09-23-int8-after.json,2026-09-23,int8-after,24,128,512,engine-cold,8541.32,11260.61,2719.27,2.21,3339.28,2648.2,4046.41,1189.59,2130,1070,549,66.56,6436.72,2 + 2 equals 4.
Testbed A (i7-14650HX),2026-09-23-int8-after.json,2026-09-23,int8-after,24,128,512,engine-warm,7200.9,9700.9,2499.98,2.4,3310.52,2641.85,2499.32,1213.81,2518,682,285,78.69,4102.66,2 + 2 equals 4.
Testbed A (i7-14650HX),2026-09-23-int8-before.json,2026-09-23,int8-before,24,128,512,engine-cold,13912.13,18142.6,4230.45,1.42,3185.61,9324.33,4417.88,1178.9,2130,1070,549,66.56,6436.72,2 + 2 equals 4.
Testbed A (i7-14650HX),2026-09-23-int8-before.json,2026-09-23,int8-before,24,128,512,engine-warm,12360.23,16445.93,4085.69,1.47,3178.91,9201.15,2856.61,1174.59,2518,682,285,78.69,4102.66,2 + 2 equals 4.
Testbed A (i7-14650HX),2026-09-23-quality-v1.json,2026-09-23,quality-v1,0,0,0,run_0,5720.29,7565.37,1845.07,3.25,1417.25,2812.68,3174.35,136.49,2630,954,411,73.38,5738.91,2 + 2 equals 4.
Testbed A (i7-14650HX),2026-09-23-quality-v1.json,2026-09-23,quality-v1,0,0,0,run_1,5055.62,6512.17,1456.54,4.12,1421.12,2862.16,2077.09,128.98,3155,685,237,82.16,4120.7,7 times 8 equals 56.
Testbed A (i7-14650HX),2026-09-23-quality-v1.json,2026-09-23,quality-v1,0,0,0,run_2,4924.63,7703.28,2778.64,2.52,1478.52,2885.57,3163.01,152.91,2824,1016,170,73.54,6111.88,The capital of France is Paris.
Testbed A (i7-14650HX),2026-09-23-quality-v1.json,2026-09-23,quality-v1,0,0,0,run_3,9591.43,15429.23,5837.78,3.43,3856.54,7132.98,3933.78,446.76,7704,1384,250,84.77,8325.62,Thủ đô của Việt Nam là Hà Nội.
Testbed A (i7-14650HX),2026-09-23-quality-v1.json,2026-09-23,quality-v1,0,0,0,run_4,7288.73,11343.73,4054.99,3.7,2717.24,5107.72,3180.71,295.58,5394,1006,111,84.28,6051.72,Việt Nam là một quốc gia ở
Testbed A (i7-14650HX),2026-09-23-quality-v1.json,2026-09-23,quality-v1,0,0,0,run_5,3963.98,4257.77,293.79,3.4,893.45,1874.09,1438.76,37.5,2042,390,30,83.96,2346.09,OK
Testbed A (i7-14650HX),2026-09-23-quality-v1.json,2026-09-23,quality-v1,0,0,0,run_6,7462.91,11399.56,3936.63,3.3,2550.74,4989.23,3512.33,306.91,4891,997,70,83.07,5997.58,"def add(a, b):     return a + b"
Testbed A (i7-14650HX),2026-09-23-quality-v1.json,2026-09-23,quality-v1,0,0,0,run_7,7947.07,12096.77,4149.69,3.61,2648.53,5376.38,3696.34,333.12,5375,1025,68,83.98,6166.02,def is_even(n):     return n % 2 == 0
Testbed A (i7-14650HX),2026-09-23-quality-v1.json,2026-09-23,quality-v1,0,0,0,run_8,8704.86,10984.87,2280.0,2.63,2538.17,5181.02,3096.85,130.02,5609,919,67,85.92,5528.36,Your name is Linh.
Testbed A (i7-14650HX),2026-09-23-quality-v1.json,2026-09-23,quality-v1,0,0,0,run_9,8066.49,10977.44,2910.94,2.75,2362.53,4811.33,3600.16,166.34,5094,1178,39,81.22,7086.41,Lan tested the interface on Tuesday.
Testbed A (i7-14650HX),2026-09-23-quality-v1.json,2026-09-23,quality-v1,0,0,0,run_10,4931.7,9346.84,4415.12,3.4,1970.05,3987.81,3053.11,304.74,3855,1137,65,77.22,6839.77,"The Vietnamese translation for ""hello"" i"
Testbed A (i7-14650HX),2026-09-23-quality-v1.json,2026-09-23,quality-v1,0,0,0,run_11,5232.67,5612.88,380.2,2.63,1221.26,2510.98,1824.57,36.98,2734,594,30,82.15,3573.28,cold
Testbed A (i7-14650HX),2026-09-23-rayon-1-context.json,2026-09-23,rayon-1-context,0,0,0,run_0,36439.89,43480.03,7040.09,1.99,9956.59,26488.28,6480.92,367.85,17424,1776,451,90.75,10683.75,Lan tested the chat interface and fixed 
Testbed A (i7-14650HX),2026-09-23-rayon-24-context.json,2026-09-23,rayon-24-context,0,0,0,run_0,17890.65,23131.96,5241.2,2.67,5555.55,10085.92,7063.35,189.07,17424,1776,451,90.75,10683.75,Lan tested the chat interface and fixed 
Testbed A (i7-14650HX),2026-09-23-rayon-8-context.json,2026-09-23,rayon-8-context,0,0,0,run_0,12954.9,16856.51,3901.58,3.59,4450.28,6056.13,6013.31,165.2,17424,1776,451,90.75,10683.75,Lan tested the chat interface and fixed 
Testbed A (i7-14650HX),2026-09-23-suite-v1.json,2026-09-23,suite-v1,0,0,0,run_0,9406.14,11968.11,2561.95,2.34,3576.5,2809.91,4220.37,1321.96,2355,1229,613,65.71,7393.2,2 + 2 equals 4.
Testbed A (i7-14650HX),2026-09-23-suite-v1.json,2026-09-23,suite-v1,0,0,0,run_1,11772.69,17950.55,6177.85,2.59,5746.23,4481.15,5573.45,2088.67,3957,1675,443,70.26,10076.17,"def add_integers(a, b):     return a + b"
Testbed A (i7-14650HX),2026-09-23-suite-v1.json,2026-09-23,suite-v1,0,0,0,run_2,25960.54,34061.52,8100.97,2.47,10565.38,8113.07,11462.78,3809.57,6766,3474,366,66.07,20898.28,Thủ đô của Việt Nam là Hà Nội.
Testbed A (i7-14650HX),2026-09-23-suite-v1.json,2026-09-23,suite-v1,0,0,0,run_3,23792.67,27159.92,3367.24,1.78,7652.46,6052.09,10617.01,2758.41,4539,2757,160,62.21,16585.08,Your name is Linh.
Testbed A (i7-14650HX),2026-09-23-suite-v1.json,2026-09-23,suite-v1,0,0,0,run_4,73023.46,81272.01,8248.53,1.7,20094.58,15620.42,38071.05,7279.17,8721,10479,374,45.42,63037.73,Lan tested the chat interface and fixed 
Testbed A (i7-14650HX),2026-09-23-suite-v1.json,2026-09-23,suite-v1,0,0,0,run_5,10041.3,13351.44,3310.13,1.81,4054.85,3194.2,4595.09,1464.3,2389,1195,62,66.66,7188.67,2 + 2 equals 4.
Testbed A (i7-14650HX),2026-09-23-suite-v1.json,2026-09-23,suite-v1,0,0,0,run_6,11466.17,17655.23,6189.04,2.59,6049.49,4766.52,4553.38,2220.8,3884,1748,87,68.96,10515.31,"def add_integers(a, b):     return a + b"
Testbed A (i7-14650HX),2026-09-23-suite-v1.json,2026-09-23,suite-v1,0,0,0,run_7,23308.9,30682.97,7374.06,2.71,10927.85,8441.65,7131.42,4065.27,6805,3435,120,66.46,20663.67,Thủ đô của Việt Nam là Hà Nội.
Testbed A (i7-14650HX),2026-09-23-suite-v1.json,2026-09-23,suite-v1,0,0,0,run_8,20250.33,22983.05,2732.72,2.2,7628.8,5924.52,6503.71,2845.86,4685,2611,57,64.21,15706.8,Your name is Linh.
Testbed A (i7-14650HX),2026-09-23-suite-v1.json,2026-09-23,suite-v1,0,0,0,run_9,64841.42,71663.73,6822.3,2.05,20603.48,15797.7,27553.89,7495.62,9314,9886,142,48.51,59470.47,Lan tested the chat interface and fixed 
Testbed A (i7-14650HX),2026-09-23-suite-v1.json,2026-09-23,suite-v1,0,0,0,run_10,8176.0,10632.94,2456.93,2.44,3770.88,2920.8,2488.81,1412.49,2376,1208,25,66.29,7266.88,2 + 2 equals 4.
Testbed A (i7-14650HX),2026-09-23-suite-v1.json,2026-09-23,suite-v1,0,0,0,run_11,11340.6,17191.5,5850.88,2.73,6188.03,4805.61,3850.72,2280.78,3837,1795,63,68.13,10798.05,"def add_integers(a, b):     return a + b"
Testbed A (i7-14650HX),2026-09-23-suite-v1.json,2026-09-23,suite-v1,0,0,0,run_12,22221.74,29824.55,7602.79,2.63,10843.06,8308.1,6530.19,4028.55,6742,3498,67,65.84,21042.66,Thủ đô của Việt Nam là Hà Nội.
Testbed A (i7-14650HX),2026-09-23-suite-v1.json,2026-09-23,suite-v1,0,0,0,run_13,20247.68,23097.72,2850.03,2.11,7443.62,5749.67,7054.08,2771.78,4724,2572,27,64.75,15472.19,Your name is Linh.
Testbed A (i7-14650HX),2026-09-23-suite-v1.json,2026-09-23,suite-v1,0,0,0,run_14,63408.34,69715.11,6306.76,2.22,19413.48,14750.53,28430.53,6922.39,9469,9731,101,49.32,58538.05,Lan tested the chat interface and fixed 
Testbed A (i7-14650HX),2026-09-23-suite-v2-long-context.json,2026-09-23,suite-v2-long-context,0,0,0,run_0,84557.32,87029.53,2471.06,3.24,23936.18,36803.0,18575.31,7413.83,38643,13197,3841,74.54,79388.2,The access code is ORCHID.
Testbed A (i7-14650HX),2026-09-23-suite-v2-near-context.json,2026-09-23,suite-v2-near-context,0,0,0,run_0,94368.37,96705.04,2334.1,3.43,28580.16,42918.97,16111.11,8738.02,45820,15236,4372,75.05,91654.06,The access code is ORCHID.
Testbed A (i7-14650HX),2026-09-24-blocked-attention-near-context.json,2026-09-24,blocked-attention-near-context,0,0,0,run_0,48165.54,50802.05,2636.38,3.03,19294.53,23649.56,7092.45,108.43,59611,1445,351,97.63,8692.58,The access code is ORCHID.
Testbed A (i7-14650HX),2026-09-24-online-softmax-near-context-3x.json,2026-09-24,online-softmax-near-context-3x,0,0,0,run_0,50296.27,52873.09,2576.28,3.11,21352.42,20362.53,9882.86,365.71,59611,1445,351,97.63,8692.58,The access code is ORCHID.
Testbed A (i7-14650HX),2026-09-24-online-softmax-near-context-3x.json,2026-09-24,online-softmax-near-context-3x,0,0,0,run_1,42280.78,44286.98,2006.19,3.99,21672.19,18289.66,3425.71,106.73,59836,1220,228,98.0,7339.06,The access code is ORCHID.
Testbed A (i7-14650HX),2026-09-24-online-softmax-near-context-3x.json,2026-09-24,online-softmax-near-context-3x,0,0,0,run_2,42502.77,44503.71,2000.91,4.0,22089.67,18232.81,3329.1,105.68,59863,1193,183,98.05,7176.64,The access code is ORCHID.
Testbed A (i7-14650HX),2026-09-24-parallel-attention-near-context-3x.json,2026-09-24,parallel-attention-near-context-3x,0,0,0,run_0,49074.07,52554.17,3480.04,2.3,20390.33,24941.52,6413.15,111.56,59611,1445,351,97.63,8692.58,The access code is ORCHID.
Testbed A (i7-14650HX),2026-09-24-parallel-attention-near-context-3x.json,2026-09-24,parallel-attention-near-context-3x,0,0,0,run_1,54501.58,58066.22,3564.62,2.24,23345.36,28111.43,5676.15,117.89,59836,1220,229,98.0,7339.06,The access code is ORCHID.
Testbed A (i7-14650HX),2026-09-24-parallel-attention-near-context-3x.json,2026-09-24,parallel-attention-near-context-3x,0,0,0,run_2,52811.04,56086.1,3275.04,2.44,22128.66,27925.24,5167.43,103.43,59864,1192,180,98.05,7170.62,The access code is ORCHID.
Testbed A (i7-14650HX),2026-09-24-parallel-attention-near-context.json,2026-09-24,parallel-attention-near-context,0,0,0,run_0,41378.87,43549.62,2170.72,3.69,17373.55,20840.63,4681.2,101.38,59611,1445,351,97.63,8692.58,The access code is ORCHID.
Testbed B (Core i5),2026-10-10-testbed-i5-10400h.json,2026-10-10,testbed-i5-10400h,12,128,512,engine-cold,8830.93,16945.83,8114.02,1.85,1982.56,2887.05,11272.4,276.11,3253,1483,538,68.69,8921.17, The result of 2 + 2 is 4. This is a bas
Testbed B (Core i5),2026-10-10-testbed-i5-10400h.json,2026-10-10,testbed-i5-10400h,12,128,512,engine-warm,4897.24,11385.36,6488.1,2.31,1464.29,2434.24,6836.88,211.92,3618,1118,252,76.39,6725.47, The result of 2 + 2 is 4. This is a bas
